Series Name,Series Code,Country Name,Country Code,2002 [YR2002],2003 [YR2003],2004 [YR2004],2005 [YR2005],2006 [YR2006],2007 [YR2007],2008 [YR2008],2009 [YR2009],2010 [YR2010],2011 [YR2011],2012 [YR2012],2013 [YR2013],2014 [YR2014],2015 [YR2015],2016 [YR2016]
GDP per capita (current US$),NY.GDP.PCAP.CD,Afghanistan,AFG,192.153528278789,203.651040923182,224.914712193371,257.175794656273,280.245644106914,380.400955186598,384.131681276838,458.955781585831,569.940728793286,622.379654358451,690.842629014956,653.347488111011,633.947864294639,590.269515382605,..
GDP per capita (current US$),NY.GDP.PCAP.CD,Albania,ALB,1453.64277660853,1890.68155743544,2416.5882350701,2709.14293056201,3005.0129033756,3603.01368536638,4370.53964653148,4114.13654490945,4094.35883191918,4437.8119990258,4247.83985201907,4412.34557813421,4588.64944014811,3965.01680558488,..
GDP per capita (current US$),NY.GDP.PCAP.CD,Algeria,DZA,1774.29202079911,2094.89330213298,2600.00651972559,3102.03738422673,3467.54474008596,3939.55993939808,4912.25194081995,3875.82209542426,4473.48644568115,5447.40397556569,5583.61615950131,5491.6144135648,5484.0668056148,4206.03123244958,..
GDP per capita (current US$),NY.GDP.PCAP.CD,American Samoa,ASM,..,..,..,..,..,..,..,..,..,..,..,..,..,..,..
GDP per capita (current US$),NY.GDP.PCAP.CD,Andorra,ADO,24175.3727542522,31742.9925847537,37235.4500323146,39990.3304085679,42417.2291456984,47253.5297963111,46735.9995745016,42701.447136255,39639.386021211,41630.0525792977,39666.3692147448,42806.5224483021,..,..,..
GDP per capita (current US$),NY.GDP.PCAP.CD,Angola,AGO,775.765518459716,850.075694129697,1135.60456355085,1576.16280066689,2253.83885003865,3151.02243105289,4242.36306234092,3678.94765447179,3886.47935432524,4744.98762949589,5086.8484258086,5327.14889219232,5232.69050054132,4102.11858969272,..
GDP per capita (current US$),NY.GDP.PCAP.CD,Antigua and Barbuda,ATG,10027.8562205839,10382.6309004545,10993.3692472668,12079.8656950416,13599.908857304,15276.0682646698,15786.1728395062,13979.2626925883,13017.3103875487,12817.8415733094,13525.616220134,13342.0849977054,13432.0792079208,14128.8785463675,..
GDP per capita (current US$),NY.GDP.PCAP.CD,Argentina,ARG,2579.18819898884,3330.42866006847,4251.5653466058,5096.25833247505,5904.67813228342,7226.27029452745,8992.58961919674,8198.56611136286,10332.0323662966,12800.2018563295,13040.306395228,13027.2048221392,12324.9387857728,13431.8783398577,..
GDP per capita (current US$),NY.GDP.PCAP.CD,Armenia,ARM,779.829626131555,924.464009817761,1181.9684454224,1625.40776912682,2126.61866107184,3080.97095943572,3919.97547381061,2915.5839059087,3124.78401786195,3417.17183599915,3565.5175749254,3716.82892254464,3873.53356580682,3499.80421759862,..
GDP per capita (current US$),NY.GDP.PCAP.CD,Aruba,ABW,20433.6541088167,20834.9397101237,22566.6821576324,23302.8319880055,24015.4206122701,25921.5382341406,27549.8894224976,24640.4212441218,24289.1415161326,25353.7875446441,..,..,..,..,..
GDP per capita (current US$),NY.GDP.PCAP.CD,Australia,AUS,20059.4520721372,23440.0053221856,30440.8548786229,33982.9504271591,36084.8589777475,40957.8304392487,49628.1151270179,42715.1322619629,51845.6548605562,62216.5471294133,67646.1038529626,67652.6832146189,61995.8296976,56327.7214484289,..
GDP per capita (current US$),NY.GDP.PCAP.CD,Austria,AUT,26351.3756769542,32102.9305523558,36693.4026205182,38242.0425174699,40430.993614499,46586.6502529235,51386.3766511975,47654.1872090808,46659.8408181344,51123.5613291663,48324.2540367606,50557.8038059874,51148.3588760796,43438.8630381343,..
GDP per capita (current US$),NY.GDP.PCAP.CD,Azerbaijan,AZE,763.101212220367,883.614008967961,1045.02641527642,1578.36733030667,2473.08577636837,3851.43786871172,5574.60380218613,4950.29479142375,5842.80578358576,7189.69122920765,7393.77187697623,7811.6214184582,7886.45914367274,5496.34464026248,..
GDP per capita (current US$),NY.GDP.PCAP.CD,"Bahamas, The",BHS,22505.4047934793,22008.4337005989,21995.5199216219,23405.8795479327,23721.1562800587,24306.1424243044,23657.365306222,22043.0125711709,21920.5165867583,21514.8986531628,22112.6083547268,22315.6036533886,22217.4941392075,22896.9236868716,..
GDP per capita (current US$),NY.GDP.PCAP.CD,Bahrain,BHR,13279.0457951397,14541.6160485141,16275.1804236433,18418.0726743768,19669.3195545631,21167.6187062133,23043.0253174017,19166.7082382358,20386.0175551116,22238.7119502059,23063.1322870426,24378.9448284188,24855.2156350086,23395.7476902684,..
GDP per capita (current US$),NY.GDP.PCAP.CD,Bangladesh,BGD,401.708153328187,434.046563233432,462.274879844841,485.852888073473,495.853780201055,543.082263122362,618.075883559283,683.614422272329,760.331935200195,838.547801702232,858.933362587621,954.396399715624,1086.80008676935,1211.70153057661,..
GDP per capita (current US$),NY.GDP.PCAP.CD,Barbados,BRB,11674.9361829092,12028.8987405468,12869.3365947615,14223.7777039775,15646.815008726,16461.8292691759,16569.6049618665,16526.2545517227,15901.4329353355,15530.8942915589,15317.1390013495,15153.8213753482,15366.2926106288,15660.6794152314,..
GDP per capita (current US$),NY.GDP.PCAP.CD,Belarus,BLR,1479.46532113219,1819.4790277163,2378.37489391196,3126.36777779462,3848.58620300891,4735.95688918873,6376.17311491284,5176.04470138203,5818.8548592158,6305.77366247653,6721.83490773968,7722.12335060436,8025.30435552468,5740.45649479562,..
GDP per capita (current US$),NY.GDP.PCAP.CD,Belgium,BEL,25052.3302823,30743.9569254283,35589.7129457001,36967.2829204297,38852.3610339939,44403.8313061102,48424.5892730273,44880.5601517887,44382.8797683492,47699.8070518961,44734.4523465803,46622.4679873931,47299.8601085612,40231.2831740081,..
GDP per capita (current US$),NY.GDP.PCAP.CD,Belize,BLZ,3556.61608225719,3679.79281542143,3831.60983030588,3933.2343731798,4187.23288999866,4324.83101711444,4470.22079597603,4258.84287648324,4344.13666906088,4516.23303047149,4673.55519784264,4723.59432062825,4884.3686203818,4906.9406908683,..
GDP per capita (current US$),NY.GDP.PCAP.CD,Benin,BEN,411.959075281789,509.461088697817,570.685501333771,587.080212422838,609.018608681583,685.551675107742,794.870176064085,768.013476447657,732.953622726674,799.03555913143,807.688451017232,882.638633279988,903.464924007693,779.067867757338,..
GDP per capita (current US$),NY.GDP.PCAP.CD,Bermuda,BMU,62583.1002034588,66111.7252270036,70359.3191088798,75882.0338560339,83912.6977976846,90849.5869806436,93605.7481653976,88463.3128161375,88207.3275597322,85973.158416455,85458.455507886,85748.0654143782,..,..,..
GDP per capita (current US$),NY.GDP.PCAP.CD,Bhutan,BTN,897.445333164014,1009.00623184688,1107.92059564068,1257.54864008661,1346.08577480046,1755.16170904287,1810.57617704401,1786.81067200588,2201.29307778936,2485.78705216849,2452.15158793741,2383.04472990264,2560.52213174131,2532.45446832741,..
GDP per capita (current US$),NY.GDP.PCAP.CD,Bolivia,BOL,913.575853422027,917.36431048617,978.334757576746,1046.4278428307,1233.59297372996,1389.6317502607,1736.92401415151,1776.85718962366,1981.16010525701,2377.70068972888,2645.29027433174,2948.03291763073,3124.08076212353,3095.3596925636,..
GDP per capita (current US$),NY.GDP.PCAP.CD,Bosnia and Herzegovina,BIH,1746.48638346723,2192.64707824367,2619.75325753727,2928.26359035282,3351.96339986152,4107.99623197216,4974.66226666137,4586.20631315947,4475.08813004565,4860.78181134244,4494.64064038047,4748.04069226421,4851.66052786926,4197.80730449044,..
GDP per capita (current US$),NY.GDP.PCAP.CD,Botswana,BWA,3044.12735338963,4149.04137748834,4879.45946154727,5327.8535176786,5342.1403362253,5666.63784692568,5561.89823998598,5115.11924667202,6244.00257387272,7504.85090744898,6885.82968106945,6806.67746673071,7153.44432535212,6360.64477568565,..
GDP per capita (current US$),NY.GDP.PCAP.CD,Brazil,BRA,2805.71725723054,3040.50649558819,3596.22457976056,4730.65346838158,5808.34054715979,7246.87010479067,8706.81914190374,8474.88106576607,11121.4209541496,13039.1216499582,12157.3082176473,12071.7779871352,11728.7993875108,8538.5899749574,..
GDP per capita (current US$),NY.GDP.PCAP.CD,British Virgin Islands,VGB,..,..,..,..,..,..,..,..,..,..,..,..,..,..,..
GDP per capita (current US$),NY.GDP.PCAP.CD,Brunei Darussalam,BRN,17016.9434933055,18758.9808946915,22131.9460641106,26337.9181126619,31157.6884478525,32707.7043073602,37798.3935034007,27726.481053695,31453.2243965354,41787.0214028978,41807.6533410575,39151.2342290391,40979.6419433378,36607.9278817468,..
GDP per capita (current US$),NY.GDP.PCAP.CD,Bulgaria,BGR,2079.2289749196,2693.75876041107,3353.56414854374,3852.97775647268,4455.69022418578,5932.89967659315,7296.12247858585,6955.98773253421,6752.55217774882,7750.03988003072,7333.35507303945,7656.63850554922,7851.26542804234,6819.86910816324,..
GDP per capita (current US$),NY.GDP.PCAP.CD,Burkina Faso,BFA,260.808434035691,332.423768678194,371.39519613887,406.998837384044,422.479937975237,474.710945144576,569.014263800778,551.843240912558,574.458089293656,665.807446693793,673.026783425407,709.071247673448,713.456441626675,613.04190350453,..
GDP per capita (current US$),NY.GDP.PCAP.CD,Burundi,BDI,115.279880322528,106.016974729214,119.460135012836,140.815135598437,154.924525713107,159.265471311463,182.687801252318,190.394203666589,214.230990840075,240.614483459126,244.19648623151,259.365208150184,286.002335872952,275.982345424148,..
GDP per capita (current US$),NY.GDP.PCAP.CD,Cabo Verde,CPV,1363.59269785045,1759.25613050028,1970.89137341237,2049.61597927754,2316.47949032154,3145.65382839852,3698.31539708634,3517.38679057537,3393.92749190379,3766.11165442324,3497.69114086984,3623.22242981431,3641.10765586575,3131.13105247824,..
GDP per capita (current US$),NY.GDP.PCAP.CD,Cambodia,KHM,337.804253525763,361.070347600538,407.084906162166,472.448855862778,537.848582712145,629.282877634499,742.942923336176,735.40752391652,782.692789877004,879.15124409234,946.476678710416,1024.60886982001,1094.57668777899,1158.68990352486,..
GDP per capita (current US$),NY.GDP.PCAP.CD,Cameroon,CMR,648.399605385763,791.106475390237,892.898777660583,915.091287679653,965.368688278105,1070.95467461962,1191.70955436733,1164.71725437091,1147.2423467852,1258.92465066853,1222.19214220436,1331.20002144388,1407.40341322234,1250.77745553629,..
GDP per capita (current US$),NY.GDP.PCAP.CD,Canada,CAN,24167.8043060561,28172.1488309084,31979.8719510723,36189.5883840265,40386.6994835116,44544.5268004039,46596.3359912609,40773.4543637445,47445.7619347846,52083.8262233942,52495.2884719937,52266.1756761394,50185.4814970346,43248.529909341,..
GDP per capita (current US$),NY.GDP.PCAP.CD,Cayman Islands,CYM,..,..,..,..,64104.7515979462,..,..,..,..,..,..,..,..,..,..
GDP per capita (current US$),NY.GDP.PCAP.CD,Central African Republic,CAF,256.850608771017,290.509658252235,318.483794625707,332.946640076818,353.894451706416,404.113181854386,463.82761863065,454.369316916856,446.800204552837,488.357342192885,472.818218057294,317.167370468595,351.994226017866,306.778752292853,..
GDP per capita (current US$),NY.GDP.PCAP.CD,Chad,TCD,220.795351920543,292.581582779074,454.655283384692,660.181556791972,712.046809818059,801.401600354542,929.279644921587,803.914352345424,895.877995851542,988.44315979422,972.679345110246,985.095322000684,1024.66835402191,775.695090525313,..
GDP per capita (current US$),NY.GDP.PCAP.CD,Channel Islands,CHI,44158.0402554468,48227.6655087624,55844.1166944098,57209.2491624825,62260.2255450367,73568.2348279852,..,..,..,..,..,..,..,..,..
GDP per capita (current US$),NY.GDP.PCAP.CD,Chile,CHL,4566.52332569982,4948.74817981811,6323.75763995653,7728.61189741759,9500.83516202761,10513.540709255,10791.0201852508,10217.314025841,12785.0518749485,14582.1705198579,15253.3308268878,15764.7554534036,14566.1490549183,13383.8767996662,..
GDP per capita (current US$),NY.GDP.PCAP.CD,China,CHN,1141.75764437513,1280.60285480797,1498.17379562532,1740.09672638011,2082.18336250102,2673.2941909354,3441.22135457021,3800.47454161277,4514.94052013381,5574.18709336902,6264.64387793993,6991.85386564447,7587.28973166335,7924.65395661835,..
GDP per capita (current US$),NY.GDP.PCAP.CD,Colombia,COL,2355.72575251682,2246.25764788011,2740.24986649308,3386.02547761041,3709.07691441063,4674.21171017719,5433.70641243197,5148.41134363939,6250.65449979147,7227.77082955644,7885.06129230214,8030.69086053799,7918.07890039352,6056.14771720405,..
GDP per capita (current US$),NY.GDP.PCAP.CD,Comoros,COM,428.789838993073,538.697657966253,609.640698048682,614.861327262045,640.742983808889,712.120009845376,777.677774365267,754.992824376438,739.897790576235,790.568095579413,750.314608600501,796.764538376469,810.075760030612,..,..
GDP per capita (current US$),NY.GDP.PCAP.CD,"Congo, Dem. Rep.",ZAR,171.234012142147,169.908591287224,189.588713460121,213.310458975988,246.802813625143,273.486479705116,310.731024398184,286.048180345085,311.247895988429,350.270654249723,390.706603504699,413.695798374815,437.814931178272,456.052740548312,..
GDP per capita (current US$),NY.GDP.PCAP.CD,"Congo, Rep.",COG,927.269588574872,1049.31759518488,1362.19883289141,1737.61154643105,2144.83494288074,2259.26941316352,3094.10971959379,2428.260232581,2953.18500787675,3453.22122885647,3191.16429881094,3205.4577827894,3147.07152408764,1851.19991555492,..
GDP per capita (current US$),NY.GDP.PCAP.CD,Costa Rica,CRI,4145.58609310131,4245.67702051491,4441.41215952252,4700.01492584503,5228.02541286506,6024.07848677915,6736.16781850145,6546.56555419881,7985.95103532732,8963.68005199175,9733.39693054024,10461.5775053474,10415.4566496773,10629.8443220455,..
GDP per capita (current US$),NY.GDP.PCAP.CD,Cote d'Ivoire,CIV,718.45311302737,875.086095068783,929.893383975566,942.21638493014,962.918442738785,1078.54150198701,1257.6755819286,1233.30485612418,1236.08519806872,1231.86783405173,1281.38286516731,1447.22282098015,1545.94224925162,1398.69458900615,..
GDP per capita (current US$),NY.GDP.PCAP.CD,Croatia,HRV,6053.7160373911,7805.88141833108,9365.74246801187,10224.2405855179,11363.4184456056,13546.6987224454,15893.8605622792,14157.144161951,13509.1858157682,14542.1775991872,13235.9775701749,13574.9780420161,13480.6507536281,11535.8293558997,..
GDP per capita (current US$),NY.GDP.PCAP.CD,Cuba,CUB,3003.28846783149,3201.25027229553,3398.62001231242,3786.87532923212,4677.70901427106,5193.48428572986,5385.74072701207,5494.9253114112,5688.66673216525,6092.61390179952,6448.1556351432,6789.84959742592,..,..,..
GDP per capita (current US$),NY.GDP.PCAP.CD,Curacao,CUW,..,..,..,..,..,..,..,..,..,..,..,..,..,..,..
GDP per capita (current US$),NY.GDP.PCAP.CD,Cyprus,CYP,15988.2750382377,20110.1201722943,23578.4293524547,24738.009385173,26455.1323679197,30915.4863902681,34950.3512981385,31673.4577102038,30438.9001948061,31836.6195112171,28868.2738161645,27909.107205255,27245.7446249009,22957.3979825514,..
GDP per capita (current US$),NY.GDP.PCAP.CD,Czech Republic,CZE,8011.89807378016,9741.05838376821,11667.6321201205,13317.7298342014,15159.1411456575,18333.9459002641,22649.3793400813,19698.4920909142,19763.9637984737,21656.9414181786,19640.9286597038,19813.8715746383,19502.4173306083,17231.2817109642,..
GDP per capita (current US$),NY.GDP.PCAP.CD,Denmark,DNK,33228.6929087101,40458.7706402839,46487.5149113562,48816.8358639645,52041.0029728889,58501.1383160235,64181.9946654657,57895.5012246202,57647.668762065,61304.0612046553,58125.3648186912,60361.7387715794,61330.9126252044,52002.1510437879,..
GDP per capita (current US$),NY.GDP.PCAP.CD,Djibouti,DJI,792.963851266666,822.097050066409,867.68359002025,910.364507373486,974.564237418055,1060.81494028965,1234.01335566559,1279.25194790974,1358.46050004911,1472.01420497368,1586.78013328429,1683.42992283707,1813.59622614428,..,..
GDP per capita (current US$),NY.GDP.PCAP.CD,Dominica,DMA,4837.63193388561,4997.16258013915,5329.13579612909,5250.35256117448,5522.28561848027,5953.54871786823,6463.62421732408,6891.46079666539,6937.2560836301,7023.35342821604,6768.29441564044,7036.54838784344,7251.83505895688,7399.25395951813,..
GDP per capita (current US$),NY.GDP.PCAP.CD,Dominican Republic,DOM,3008.46904767502,2372.62977187575,2421.09388217196,3681.06541467851,3836.47564860281,4637.2399594493,4996.94266349512,4933.94304974006,5441.96574880243,5820.39629964542,5967.0009840488,5952.32900678338,6147.3435691579,6373.55355280729,..
GDP per capita (current US$),NY.GDP.PCAP.CD,Ecuador,ECU,2183.96746464366,2440.46916385745,2708.55829298253,3021.94276733003,3350.78414231906,3590.7115134942,4274.94082062073,4255.55556311861,4657.30173745799,5223.37757490143,5702.16828789377,6051.61112938686,6345.84072505948,6248.11087312643,..
GDP per capita (current US$),NY.GDP.PCAP.CD,"Egypt, Arab Rep.",EGY,1238.92655752261,1147.78171316851,1071.3233388161,1196.73330850419,1409.17787522982,1681.31448106002,2061.61277225263,2349.28686465682,2668.03598826159,2816.66694347778,3226.13137881998,3264.45006267526,3365.70742057477,3614.74676616271,..
GDP per capita (current US$),NY.GDP.PCAP.CD,El Salvador,SLV,2435.47274816187,2549.88663649402,2666.33969548812,2874.25725626454,3108.59252933697,3358.42125185462,3569.33539344715,3431.28006791812,3547.07098315322,3821.33858985521,3921.72039511659,3998.73949938617,4102.0638517964,4219.35032953932,..
GDP per capita (current US$),NY.GDP.PCAP.CD,Equatorial Guinea,GNQ,3182.76787373008,4234.60208580725,7276.0756558754,13129.5981770095,14162.0548880632,16186.17320583,23347.6608504426,14451.5242165903,17441.0925450303,22944.9262899318,23278.2300613417,21497.894425719,18918.2768313328,11120.8579902839,..
GDP per capita (current US$),NY.GDP.PCAP.CD,Eritrea,ERI,192.50764323803,221.526812689201,272.832832575321,262.074529800649,281.375017348319,299.111451823154,306.665143919595,404.196309045471,451.426693297243,544.462431141676,..,..,..,..,..
GDP per capita (current US$),NY.GDP.PCAP.CD,Estonia,EST,5308.34696117632,7174.24079225034,8850.46784994613,10338.3172625946,12595.414840361,16586.4079613909,18094.5473954875,14726.3139057181,14641.4031443742,17453.7537611724,17490.9931300409,19155.4212505428,20147.7782167553,17295.36383043,..
GDP per capita (current US$),NY.GDP.PCAP.CD,Ethiopia,ETH,111.531169295354,119.058658783821,135.976361909988,161.876953908295,194.077993674435,243.628845484383,325.794900659893,380.264841033255,341.85895616943,355.588991513187,469.792303889824,503.902606586893,573.565960346077,619.143563112135,..
GDP per capita (current US$),NY.GDP.PCAP.CD,Faroe Islands,FRO,26731.1371367759,31098.0899974115,35008.1685188704,35808.8298627485,40617.3049771172,46878.115456099,49625.4786680383,46429.9206292594,47381.5227624969,50910.4340505074,48695.1711837983,54117.8444148388,..,..,..
GDP per capita (current US$),NY.GDP.PCAP.CD,Fiji,FJI,2259.05579575103,2835.98091747817,3332.91446001498,3658.61747680046,3750.03499077416,4079.22884156087,4178.32169073543,3369.85520485942,3651.9582906354,4351.91933412407,4550.26709452374,4765.84402994337,5112.38189037251,4916.25099567297,..
GDP per capita (current US$),NY.GDP.PCAP.CD,Finland,FIN,26834.0262501804,32816.160880214,37636.1117341753,38969.171631813,41120.6765061581,48288.5490978186,53401.3148725198,47107.1557090705,46205.1660111855,50787.5649828531,47415.5598711351,49638.0771298139,49864.5762453579,41920.7977456941,..
GDP per capita (current US$),NY.GDP.PCAP.CD,France,FRA,24275.2426027905,29691.1815836764,33874.7425478435,34879.7263291899,36544.5085344191,41600.5839748157,45413.065712185,41631.1314123702,40705.7662299421,43807.4759032413,40838.024436834,42571.1979897409,42546.8387870273,36248.1801907194,..
GDP per capita (current US$),NY.GDP.PCAP.CD,French Polynesia,PYF,..,..,..,..,..,..,..,..,..,..,..,..,..,..,..
GDP per capita (current US$),NY.GDP.PCAP.CD,Gabon,GAB,4119.15459556026,4929.32263663698,5755.95950423203,6865.32349733016,7206.96840817941,8632.75695116356,10523.2702492172,8003.79074340784,9312.04946268888,11530.1472010731,10642.4322523013,10658.7727292505,10772.0617537637,8311.47651219177,..
GDP per capita (current US$),NY.GDP.PCAP.CD,"Gambia, The",GMB,442.186688046316,360.677324396328,414.98105275821,433.291583107888,440.313938442306,519.95470925231,608.646438831853,549.539506668519,562.568166142471,516.984254988416,504.989013819816,484.112864967249,441.293817014382,..,..
GDP per capita (current US$),NY.GDP.PCAP.CD,Georgia,GEO,779.384593479877,928.010822716837,1207.36722750294,1530.05752090499,1872.68041606715,2492.12877994527,3174.94900068643,2706.58851158173,2964.47704802208,3725.06322121592,4142.8691753655,4274.37687295064,4429.65007451491,3795.97330845042,..
GDP per capita (current US$),NY.GDP.PCAP.CD,Germany,DEU,25205.164445175,30359.9521525666,34165.9340305131,34696.62091671,36447.8723183195,41814.8190965222,45699.1983232962,41732.707253158,41788.0447853084,45936.0812598523,44010.9313869814,45600.7745095204,47767.0019056435,41219.049207038,..
GDP per capita (current US$),NY.GDP.PCAP.CD,Ghana,GHA,311.616825027768,375.880704460924,426.159234240606,501.72407455066,929.726628584054,1099.02231257957,1234.07990011094,1095.50323245528,1323.09914056856,1587.19087274761,1641.82592182439,1827.10136779993,1441.63645311166,1381.41247833098,..
GDP per capita (current US$),NY.GDP.PCAP.CD,Gibraltar,GIB,..,..,..,..,..,..,..,..,..,..,..,..,..,..,..
GDP per capita (current US$),NY.GDP.PCAP.CD,Greece,GRC,14110.3133911078,18477.578411927,21955.1040911595,22551.735744099,24801.1578065035,28827.3263555224,31997.2820108813,29710.9702950284,26919.3616367757,25914.6815458943,22242.681934771,21842.7033068901,21627.3542876417,18035.5543201083,..
GDP per capita (current US$),NY.GDP.PCAP.CD,Greenland,GRL,20652.8412682386,24706.2919331832,28416.7776652046,28985.3908702269,31902.5047515616,36070.919815783,40863.2573152497,41097.5563587729,40193.6660251226,44010.3332192995,41471.6558845075,42827.8082665792,43364.8828499176,..,..
GDP per capita (current US$),NY.GDP.PCAP.CD,Grenada,GRD,5292.23237929408,5773.29915119914,5836.12021189585,6754.38117450337,6764.72286695124,7322.52617141648,7946.63850064393,7394.94631834849,7365.6666592364,7410.76107991498,7583.54647643206,7956.14184182861,8573.69394895841,9156.54713922909,..
GDP per capita (current US$),NY.GDP.PCAP.CD,Guam,GUM,..,..,..,..,..,..,..,..,..,..,..,..,..,..,..
GDP per capita (current US$),NY.GDP.PCAP.CD,Guatemala,GTM,1692.96379628014,1743.1660970874,1860.98880458201,2064.04724844173,2241.00500229804,2472.38906662468,2774.31806300572,2617.11219130186,2805.95141622266,3166.58231162147,3278.62912810215,3432.02178123188,3666.59460633312,3903.49084220656,..
GDP per capita (current US$),NY.GDP.PCAP.CD,Guinea,GIN,323.627842643559,371.320959304985,387.367961615385,303.760966051664,296.174576273352,407.206572153301,433.074755234154,430.199953543689,430.0564738591,447.790989285501,487.345714209237,521.538905868244,539.615774988756,531.320595188714,..
GDP per capita (current US$),NY.GDP.PCAP.CD,Guinea-Bissau,GNB,303.011861874309,339.860748738479,370.934077294665,401.147289045779,395.97799385472,455.435857767719,553.456505772194,517.14704657905,518.598360839748,660.586769356136,580.643367387967,584.281845186903,615.940922199717,573.028618907732,..
GDP per capita (current US$),NY.GDP.PCAP.CD,Guyana,GUY,972.216499604208,999.181647229363,1058.95851524012,1110.95771735024,1961.05562322394,2334.02104216431,2569.98850579426,2698.05899106455,2998.94127424089,3408.73190339614,3759.38354709702,3928.87894976629,4028.1639914829,4127.35101806198,..
GDP per capita (current US$),NY.GDP.PCAP.CD,Haiti,HTI,393.015793949642,329.781984395524,387.942720904121,465.310135353948,505.584820545771,615.815784685505,674.749392574125,668.291974932132,662.279518162433,740.947823017575,766.872233425335,810.326549589374,830.150055114368,828.812471368852,..
GDP per capita (current US$),NY.GDP.PCAP.CD,Honduras,HND,1196.5586529374,1228.47836147578,1298.93928974385,1405.78216029461,1547.26665863618,1720.76735998217,1899.54847013653,1975.79609930426,2110.8220208871,2323.75711462464,2395.07344192129,2356.51670365541,2434.280046303,2495.59049758671,..
GDP per capita (current US$),NY.GDP.PCAP.CD,"Hong Kong SAR, China",HKG,24665.8899982779,23977.0194516698,24928.1003722551,26649.750801707,28224.2150609389,30594.0178410231,31515.6627713018,30697.340383517,32549.998231121,35142.4879344543,36707.7742282554,38364.1949010023,40215.6677311265,42422.8740206243,..
GDP per capita (current US$),NY.GDP.PCAP.CD,Hungary,HUN,6646.23825495591,8391.14195161433,10254.241027541,11155.9614487481,11392.0680693742,13830.8324125299,15649.7229729163,12948.0766708512,13009.3453790731,14032.7742633362,12819.7120588032,13585.4301761498,14021.902274347,12259.1150279573,..
GDP per capita (current US$),NY.GDP.PCAP.CD,Iceland,ISL,31864.5750811839,39019.6863190287,46921.1255998367,56445.5361371634,56097.1150887872,68344.5601580173,55229.6107604237,40362.0415881687,41620.0674537296,45970.8936808937,44258.8427932005,47493.2490377262,52036.7318144531,50173.3399156473,..
GDP per capita (current US$),NY.GDP.PCAP.CD,India,IND,480.621442166669,557.897365886494,640.600522160945,729.000727040133,816.733776198889,1050.02480112349,1022.57759195261,1124.51944550788,1387.88008401275,1455.66677851326,1444.266597568,1456.20162816791,1576.81766887286,1581.58891324619,..
GDP per capita (current US$),NY.GDP.PCAP.CD,Indonesia,IDN,900.130803943843,1065.65654610135,1150.34929408933,1263.48144553621,1590.17790597325,1860.62262569343,2167.85765032782,2262.72078612573,3125.21993359966,3647.62662181143,3700.52353809447,3631.67269360347,3499.58873476515,3346.48703949478,..
GDP per capita (current US$),NY.GDP.PCAP.CD,"Iran, Islamic Rep.",IRN,1900.04773061046,2240.80712144571,2649.91358569659,3135.18740764257,3646.84440725722,4705.3882202843,5476.15842190967,5437.81879020416,6299.91873790671,7874.48479201376,7710.51331388451,6631.29827041489,5442.87477076039,..,..
GDP per capita (current US$),NY.GDP.PCAP.CD,Iraq,IRQ,..,..,1391.60958240822,1848.96820105496,2350.19423605879,3125.58030239218,4512.98514433811,3725.67544092444,4487.36628937513,5828.7647485099,6614.58482115726,6816.62829893909,6336.46806615634,4629.07663359338,..
GDP per capita (current US$),NY.GDP.PCAP.CD,Ireland,IRL,32537.957475029,41170.0672314373,47641.0137716016,50815.6416914227,54285.7507532768,61313.5824086366,61189.7324846509,51900.2671391301,48260.6653583236,52828.4200254714,48976.9297533848,51814.8592992947,54321.2877185124,51289.7304352308,..
GDP per capita (current US$),NY.GDP.PCAP.CD,Isle of Man,IMY,24229.5103479856,28678.8452915927,34634.0519997066,36980.1130792844,41232.9206416727,69418.0573354394,70438.0181921463,60417.4588003675,64277.0637484897,71307.493719742,74993.6406870089,78119.0598732396,..,..,..
GDP per capita (current US$),NY.GDP.PCAP.CD,Israel,ISR,18431.1569640406,18946.999415629,19888.1719990387,20611.1793052385,21905.0176947466,25008.6037040998,29657.4420084852,27795.8767084275,30736.3638939294,33707.3249639477,32818.8583768828,36281.1998962546,37206.1829418069,35329.5110979167,..
GDP per capita (current US$),NY.GDP.PCAP.CD,Italy,ITA,22196.5073567255,27387.2257970921,31174.5611761064,31959.2621538188,33410.7482014867,37698.7857302579,40640.1846549619,36976.8451179565,35851.5080738451,38332.3003680405,34814.1243593936,35367.6030486724,35179.6539515302,29847.0497853143,..
GDP per capita (current US$),NY.GDP.PCAP.CD,Jamaica,JAM,3706.77770612451,3581.16001586752,3853.61403967831,4238.31584267066,4487.49970687553,4816.59587049218,5119.34495299296,4489.27277192062,4902.03473104734,5332.47436123876,5445.89471774139,5253.79100953156,5119.2184171202,5137.91553043876,..
GDP per capita (current US$),NY.GDP.PCAP.CD,Japan,JPN,31235.5881843914,33690.9377297154,36441.5044939422,35781.1700525965,34075.9789494111,34033.7012549361,37865.6180313874,39322.6047284114,42935.2527196828,46229.9723879442,46701.0080028836,38549.6780060974,36152.6900171468,32477.2151449234,..
GDP per capita (current US$),NY.GDP.PCAP.CD,Jordan,JOR,1939.72219939896,2021.40740961023,2205.79587405643,2360.53024428809,2722.66607816465,2970.88905626968,3655.85812437261,3800.67592931178,4054.27066775675,4266.07702155425,4423.11735483368,4656.21980691606,4830.97691525943,4940.04583805643,..
GDP per capita (current US$),NY.GDP.PCAP.CD,Kazakhstan,KAZ,1658.03114601521,2068.12365719832,2874.28829127649,3771.27895733845,5291.57565018652,6771.41479681885,8513.56464506814,7165.27704969646,9070.64997199985,12102.6868573563,12857.8988059156,14310.0250195545,13154.8445922887,10508.3964031895,..
GDP per capita (current US$),NY.GDP.PCAP.CD,Kenya,KEN,402.170315494016,444.233631050959,467.378752493262,530.082157850254,711.721163671636,857.925688654194,938.571762345224,942.74314646635,991.850545143199,1012.8797726673,1184.92325604363,1261.09286307733,1368.49113215797,1376.71282894881,..
GDP per capita (current US$),NY.GDP.PCAP.CD,Kiribati,KIR,827.302084463241,1014.1353334623,1128.9515140584,1149.68803299255,1110.46049310709,1277.14940530754,1371.8871524757,1264.09774148915,1465.50457444028,1645.80974031399,1641.19741919084,1556.52578719575,1509.52118657047,1291.87997128586,..
GDP per capita (current US$),NY.GDP.PCAP.CD,"Korea, Dem. People’s Rep.",PRK,..,..,..,..,..,..,..,..,..,..,..,..,..,..,..
GDP per capita (current US$),NY.GDP.PCAP.CD,"Korea, Rep.",KOR,12788.5801805177,14219.1935856009,15921.9391974413,18657.5212532106,20917.0302377023,23101.5102258935,20474.8868492383,18338.7063660256,22151.2088921324,24155.8298493082,24453.9719124644,25997.8810547699,27989.3539925863,27221.5240509661,..
GDP per capita (current US$),NY.GDP.PCAP.CD,Kosovo,KSV,1587.50582851273,1969.56271307405,2135.33284652383,2190.55207903857,2371.66207856319,2788.47946372413,3254.86067369521,3209.69410857047,3283.21193843172,3736.84099938332,3600.88700027693,3890.3006647896,4073.81911686883,3553.36734269062,..
GDP per capita (current US$),NY.GDP.PCAP.CD,Kuwait,KWT,18674.5985340165,22841.6024892137,27437.9824187671,35694.3817052274,42498.7402043786,45159.3414687272,54484.3005124528,36754.9458713815,37725.141206371,47551.3829674489,50903.9046037897,48463.1516704617,43593.7020176514,28984.6433890283,..
GDP per capita (current US$),NY.GDP.PCAP.CD,Kyrgyz Republic,KGZ,321.726538045142,380.507362435481,433.235118935166,476.551891692624,543.110702403072,721.768690838857,966.393627185372,871.224389337854,880.037775119109,1123.8831680627,1177.97473487848,1282.43716202467,1279.76978265986,1103.2153515202,..
GDP per capita (current US$),NY.GDP.PCAP.CD,Lao PDR,LAO,319.53253580794,362.667739612823,418.173254328867,476.162405720665,591.36477247124,710.98033776805,900.499553549039,947.955525742507,1147.09538658271,1300.97960150014,1445.86945014266,1700.98737845792,1751.39697066336,1812.32676524824,..
GDP per capita (current US$),NY.GDP.PCAP.CD,Latvia,LVA,4128.6381362996,5128.97182033323,6344.9806643559,7550.14218688097,9651.70303956901,14019.3785768051,16323.7652773541,12207.587067267,11319.517002394,13781.2097866151,13775.2615846281,15015.8346769086,15692.1915611781,13664.9414278021,..
GDP per capita (current US$),NY.GDP.PCAP.CD,Lebanon,LBN,5436.58750689646,5425.66907030169,5424.21794396433,5339.42388043105,5372.47505644041,6015.80212880143,7015.60517786675,8403.10931605671,8763.79596416551,8728.56591181142,8773.93195644805,8388.97333273521,8148.6391668339,8050.75075624426,..
GDP per capita (current US$),NY.GDP.PCAP.CD,Lesotho,LSO,348.319866857999,510.416297902947,645.495959217188,710.520982100026,736.391194357222,816.849585698468,826.831540196137,859.828065883852,1087.98277034468,1241.20570623397,1158.80422205502,1064.82832238391,1034.18528751221,..,..
GDP per capita (current US$),NY.GDP.PCAP.CD,Liberia,LBR,176.834198887345,133.153149808176,149.059093907857,168.206726678749,178.453139384142,209.811610870851,231.443222058919,302.276070797368,326.604438111264,378.814062448677,414.185155441744,453.339457045359,457.858586520261,455.873934536237,..
GDP per capita (current US$),NY.GDP.PCAP.CD,Libya,LBY,3711.60277405465,4682.62572368156,5807.64628783784,8158.88955376464,9304.30850188586,11219.4329579437,14231.6008927012,10151.6458735245,11933.7792588018,5517.77956923157,13035.1922002032,10453.9704394131,6573.38673726201,4643.30576247058,..
GDP per capita (current US$),NY.GDP.PCAP.CD,Liechtenstein,LIE,79088.6272944492,89553.9060681562,99926.9365615594,104995.985501061,113830.0285523,129870.185681614,142254.691640412,125107.671089987,140101.967275142,157092.969386695,149160.758132157,..,..,..,..
GDP per capita (current US$),NY.GDP.PCAP.CD,Lithuania,LTU,4146.98792783931,5505.5356688311,6706.96699843928,7863.16200865166,9240.64254797441,12297.9153480396,14961.5681759187,11837.3910271086,11988.757967609,14367.2093249849,14342.5234770018,15694.0962942719,16489.7289835331,14172.2210702975,..
GDP per capita (current US$),NY.GDP.PCAP.CD,Luxembourg,LUX,52240.8981265786,64669.9397202278,74970.9215792235,79494.2062680935,88680.2380283837,104841.443619716,112851.460090742,101221.810003471,103267.276511115,113239.56097199,105447.093240743,113726.638978771,116612.884151875,101449.968168042,..
GDP per capita (current US$),NY.GDP.PCAP.CD,"Macao SAR, China",MAC,16485.9364221788,18180.6390209133,23083.4001641707,25829.9909971361,30829.265352832,37200.1089835966,41235.0275951692,41187.7920414883,52604.3271347173,67150.2767545254,77145.0395041344,90746.10886213,96074.8369597196,78585.8770573122,..
GDP per capita (current US$),NY.GDP.PCAP.CD,"Macedonia, FYR",MKD,1980.75287766903,2431.83677607996,2787.77305634901,3063.59542581567,3351.30259018486,4063.74593982078,4821.54057471268,4566.34133221136,4561.17754644919,5079.9620789636,4709.51162777738,5219.53568101849,5453.28127512774,4852.65784744443,..
GDP per capita (current US$),NY.GDP.PCAP.CD,Madagascar,MDG,262.741813342439,317.422023148051,245.670457316682,275.515827096107,292.99089305874,379.067251975187,472.379100795325,417.178309192785,414.142787218657,456.329307134312,444.958493750152,462.973999137211,467.130334270816,411.816055713571,..
GDP per capita (current US$),NY.GDP.PCAP.CD,Malawi,MWI,296.520260529465,265.429354514251,280.177358672995,286.785151128497,304.904164020676,328.405188697794,382.678036203531,432.068076584829,471.207752434354,525.651739290892,383.969459754717,340.879420492438,362.247486595025,381.370536197336,..
GDP per capita (current US$),NY.GDP.PCAP.CD,Malaysia,MYS,4132.66774072833,4431.2394550148,4924.58585200036,5564.17323050149,6194.67190541651,7240.68196667962,8486.59933273544,7312.00831363343,9069.04175699503,10427.7560500121,10834.6590783671,10973.6559383179,11307.064952828,9766.16575200497,..
GDP per capita (current US$),NY.GDP.PCAP.CD,Maldives,MDV,3066.88265467172,3432.24784128289,3853.33340845353,3488.4937694704,4428.5228978979,5002.86228510029,5850.20331923343,6017.58385416667,6330.79498041553,6497.55044274666,6529.97807019209,7112.46821987818,7640.6471532801,7681.07576733719,..
GDP per capita (current US$),NY.GDP.PCAP.CD,Mali,MLI,331.805201995002,389.077360722162,436.435805911435,484.810614299526,518.394429205184,592.016922455052,685.547791304224,692.842678257748,704.064620886671,829.849231276721,772.249921673187,798.318480769749,842.114337237737,744.346106077478,..
GDP per capita (current US$),NY.GDP.PCAP.CD,Malta,MLT,10849.7502791421,12844.5879877177,14064.2295970135,14834.4323706421,15705.3402150582,18356.968284457,20895.7805043413,19636.0062766561,19694.0831567142,22347.708423805,21176.3099827802,22776.1946886632,..,..,..
GDP per capita (current US$),NY.GDP.PCAP.CD,Marshall Islands,MHL,2391.34740333583,2434.76130579871,2517.69338901563,2645.98140535557,2758.38292551498,2878.46487719438,2925.90048273522,2907.63146795308,3124.34344775456,3290.02918516168,3502.26070428711,3602.85394410217,3529.74830339742,..,..
GDP per capita (current US$),NY.GDP.PCAP.CD,Mauritania,MRT,459.125545858864,525.45877431155,598.210547870149,692.575965398663,937.982701714899,1008.55470523732,1180.54951407934,1045.79040852269,1207.82745750371,1402.66912860389,1385.00468177818,1457.836387254,1370.98521248511,..,..
GDP per capita (current US$),NY.GDP.PCAP.CD,Mauritius,MUS,3957.51290571479,4623.35178431117,5229.8735684377,5116.03964225907,5455.06563037963,6285.7890498112,7749.31843837522,7082.29570014421,7772.10005652754,8984.62976859867,9113.64064294,9479.86959015448,10002.8704750471,9116.82771519446,..
GDP per capita (current US$),NY.GDP.PCAP.CD,Mexico,MEX,7023.78727594692,6673.16697380407,7115.12176872717,7893.96823375653,8666.33535331064,9222.88399058214,9578.57056207038,7661.2084045474,8861.49371999101,9730.277761437,9720.56167412905,10197.4445635608,10350.814693018,9009.2611626629,..
GDP per capita (current US$),NY.GDP.PCAP.CD,"Micronesia, Fed. Sts.",FSM,2257.77366497481,2293.57961354104,2247.83767300023,2352.63940940507,2393.93641180924,2435.19984773506,2501.52768205835,2669.37505410683,2838.44854708113,2998.64219722448,3147.67920215769,3044.07737286632,3057.09102471788,..,..
GDP per capita (current US$),NY.GDP.PCAP.CD,Moldova,MDA,458.677816836312,548.289686690501,720.940932072135,831.205286210574,950.648204362747,1230.43468472032,1695.97281114375,1525.52611882763,1631.53583179532,1970.57137253336,2046.53678665109,2243.979662444,2244.76376248334,1843.24280182141,..
GDP per capita (current US$),NY.GDP.PCAP.CD,Monaco,MCO,89009.2202332333,108889.217254337,123289.494120823,126599.403276628,135629.605720617,170472.284881312,193648.132212747,152877.365748281,145221.191568424,163351.646685562,..,..,..,..,..
GDP per capita (current US$),NY.GDP.PCAP.CD,Mongolia,MNG,571.538390605566,646.119168113725,797.905152144555,998.822299377403,1334.40571157412,1633.38433505498,2138.37674048135,1717.07313677613,2650.34688487431,3772.93154739095,4377.2388700925,4400.61451460346,4201.73771089327,3973.43983362286,..
GDP per capita (current US$),NY.GDP.PCAP.CD,Montenegro,MNE,2106.33901312913,2789.08158153876,3380.19953469677,3674.52652951463,4383.59509708201,5957.1456931201,7325.70347405184,6698.07943862396,6682.28115774575,7318.74469026724,6586.7212793222,7186.81145498166,7378.04440441034,6415.03408351413,..
GDP per capita (current US$),NY.GDP.PCAP.CD,Morocco,MAR,1413.23815547685,1724.52507906821,1955.14193078879,2023.25299652232,2204.25835115887,2510.98395921471,2905.95267964736,2883.85067741147,2857.6734140278,3066.50315775774,2931.40019953372,3153.77201872625,3190.31044414024,2871.51358828203,..
GDP per capita (current US$),NY.GDP.PCAP.CD,Mozambique,MOZ,260.043672608778,280.87256827628,332.882911953182,365.596849919716,382.377958321832,418.912986355427,499.887085818156,461.425218697859,417.501231533203,524.89145294127,564.812463094317,605.234444722447,622.638064437746,525.008155116386,..
GDP per capita (current US$),NY.GDP.PCAP.CD,Myanmar,MMR,..,..,..,..,..,..,..,..,..,..,1421.48386393938,1106.99157606477,1203.84472110364,1203.50538655951,..
GDP per capita (current US$),NY.GDP.PCAP.CD,Namibia,NAM,1716.89588284213,2489.89394622456,3298.90165049057,3582.25982034766,3884.64683374719,4195.93639333527,4011.30116888467,4123.93999729686,5143.13067579247,5539.61515966925,5679.82912868023,5420.81169032783,5342.94446039872,4695.76514977115,..
GDP per capita (current US$),NY.GDP.PCAP.CD,Nauru,NRU,..,..,..,..,..,..,..,..,..,..,..,..,..,..,..
GDP per capita (current US$),NY.GDP.PCAP.CD,Nepal,NPL,246.803583536939,254.553938234074,288.669595432099,318.748098345116,350.608465014195,396.169772792449,476.556558235355,483.403411454738,595.427519830012,695.883198294347,685.496758554012,692.336309425971,701.680063399496,732.298716316243,..
GDP per capita (current US$),NY.GDP.PCAP.CD,Netherlands,NLD,28817.3232079888,35245.1640746805,39954.6422157907,41577.1600883755,44453.9711946212,51241.3156170166,56928.8204756806,51900.3400948453,50341.251919716,53537.2751512189,49474.705606422,51425.0789882648,52138.6839244096,44433.4143287366,..
GDP per capita (current US$),NY.GDP.PCAP.CD,New Caledonia,NCL,..,..,..,..,..,..,..,..,..,..,..,..,..,..,..
GDP per capita (current US$),NY.GDP.PCAP.CD,New Zealand,NZL,16874.3123184409,21913.7081719961,25420.234882944,27750.8951531221,26670.8645228341,32509.7347119416,31287.6136423777,28200.9419253104,33692.1695969513,38426.695330151,40066.5648004195,42928.0963291754,44380.426584212,37807.9672760442,..
GDP per capita (current US$),NY.GDP.PCAP.CD,Nicaragua,NIC,1010.14688637314,1015.56589506171,1091.50515662464,1175.11644341798,1245.14209935788,1350.58722233935,1517.80361090627,1478.97138929928,1523.48146882139,1679.74820015716,1776.2092435787,1829.02498918094,1960.49090771313,2086.89500277099,..
GDP per capita (current US$),NY.GDP.PCAP.CD,Niger,NER,179.735270494087,218.047122969618,234.910427865702,252.504615486699,260.563770008326,295.393198719939,358.191405530453,344.375641110111,351.006218346786,378.200546574048,393.64342304494,417.670309304738,431.381682137856,358.958152040005,..
GDP per capita (current US$),NY.GDP.PCAP.CD,Nigeria,NGA,457.397047553578,510.296295281735,645.763871178843,804.005995170227,1014.73474161771,1131.14769462527,1376.85744878293,1091.96852722446,2314.96353665347,2514.14862151929,2739.85218903906,2979.84415000393,3203.24429573261,2640.2907388575,..
GDP per capita (current US$),NY.GDP.PCAP.CD,Northern Mariana Islands,MNP,..,..,..,..,..,..,..,..,..,..,..,..,..,..,..
GDP per capita (current US$),NY.GDP.PCAP.CD,Norway,NOR,43061.1503812416,50111.6544494522,57570.2691601943,66775.3943971756,74114.697150083,85128.6575906714,96880.5096146393,80017.7768095085,87646.2700974708,100575.117263444,101563.702677597,102910.435039364,97429.7084759454,74734.564089525,..
GDP per capita (current US$),NY.GDP.PCAP.CD,Oman,OMN,8670.2637844607,9070.49469850756,10115.0436104014,12398.5943454954,14575.1603991844,16225.6599871528,22963.3781637315,17518.8333143066,19920.6495686354,21164.3357574377,21533.807603293,20011.3477786118,19309.6124499023,15645.0807292348,..
GDP per capita (current US$),NY.GDP.PCAP.CD,Pakistan,PAK,501.185454468024,565.3238448029,652.020213018705,714.036810002771,876.95110885413,953.795685975298,1042.8017054166,1009.79931930279,1043.30020503812,1230.81542756809,1266.38075811451,1275.71274958523,1315.26762194284,1428.98863660717,..
GDP per capita (current US$),NY.GDP.PCAP.CD,Palau,PLW,8352.49042145594,8116.75126903553,8851.30017672305,9710.15220776611,9729.1625024985,9742.51913709116,9793.8399169427,9162.40660637043,8978.9936492428,9701.05794428807,10319.9074966275,10932.6449639084,11892.6861639096,13498.661406228,..
GDP per capita (current US$),NY.GDP.PCAP.CD,Panama,PAN,4132.06433115996,4275.98350169601,4604.43619309387,4933.0500307143,5370.54892559048,6095.28041838089,7008.98824956505,7471.34138581183,7987.06037222421,9335.69162127215,10672.3589459904,11786.6331746496,12712.431328999,13268.1137429275,..
GDP per capita (current US$),NY.GDP.PCAP.CD,Papua New Guinea,PNG,530.584058650011,610.200291091905,661.125039041039,799.416405923424,886.420266945581,992.673749316293,1223.20297800238,1210.87172319867,1418.92359069215,1838.69919868665,2151.2102765496,2108.8316426359,2268.17253944302,..,..
GDP per capita (current US$),NY.GDP.PCAP.CD,Paraguay,PRY,1148.22904851163,1174.77976549486,1408.52748255741,1507.14595108572,1809.71023142918,2312.19253822421,3059.98509921353,2599.592016272,3225.59175373637,3983.4985035205,3858.03649227468,4479.95505217335,4712.87020536405,4160.60656240269,..
GDP per capita (current US$),NY.GDP.PCAP.CD,Peru,PER,2046.37742442837,2191.37155950592,2445.44648758165,2714.48011593521,3143.5500310734,3611.20484303779,4244.53966136137,4178.82071395392,5056.2953131981,5731.69886823381,6389.63057629035,6609.71336926238,6549.3892292809,6121.86447303249,..
GDP per capita (current US$),NY.GDP.PCAP.CD,Philippines,PHL,1000.77772844491,1011.28664438982,1080.08618402078,1196.53984923829,1395.2126330001,1678.85198841212,1929.1328970269,1836.87412023077,2145.24000707339,2371.85353662821,2604.65599683702,2786.95046841825,2872.51216471657,2899.37527818265,..
GDP per capita (current US$),NY.GDP.PCAP.CD,Poland,POL,5196.93292103894,5693.37776322597,6639.96305157638,7976.06676764026,8999.73962660636,11247.5514811334,13906.2181999449,11440.5781321257,12597.4587924553,13891.14168806,13142.0459946086,13776.4547643996,14337.2063674308,12494.4661900747,..
GDP per capita (current US$),NY.GDP.PCAP.CD,Portugal,PRT,12882.2889730308,15772.7333950542,18045.5880994833,18784.9484992149,19821.4446268632,22780.0584505513,24815.6088356622,23063.9716141302,22539.9960076117,23194.7409567701,20577.4026375899,21618.7353389663,22124.3670925451,19222.9355983016,..
GDP per capita (current US$),NY.GDP.PCAP.CD,Puerto Rico,PRI,18972.7685297569,19820.2072870642,20988.9923326534,21959.3227075956,22935.9411493385,23664.8823530538,24898.3388400438,25768.7360476525,26435.7330836866,27278.8452337977,27811.5557986588,28703.7323699256,..,..,..
GDP per capita (current US$),NY.GDP.PCAP.CD,Qatar,QAT,30523.4907717931,35221.5264325297,43346.8642555975,53207.3336473736,61593.6729672606,67612.4940409837,82990.0709631041,61463.9035819678,70870.2265835221,89115.9014908449,94407.406919562,96076.9963757655,96732.5290262219,74667.1970705737,..
GDP per capita (current US$),NY.GDP.PCAP.CD,Romania,ROM,2124.87361335835,2774.95580649052,3552.92451981742,4676.31518325954,5828.74566230123,8214.18537810177,10136.4735592475,8220.10832899514,8297.48362072379,9200.27782470489,8558.3976056224,9585.26659264653,10011.7859226299,8972.92251840971,..
GDP per capita (current US$),NY.GDP.PCAP.CD,Russian Federation,RUS,2375.05904394498,2975.13277834925,4102.37229354879,5323.47387655593,6920.19439783608,9101.25670608893,11635.2742379874,8562.81369695399,10674.9972024184,14212.080885022,15154.4722788295,15543.6978380394,13902.1428503026,9057.11306037766,..
GDP per capita (current US$),NY.GDP.PCAP.CD,Rwanda,RWA,196.444701506894,212.512051945623,236.629214231627,286.567469436844,336.942281040072,398.208485880314,491.940416607734,529.59655617758,553.597457610684,606.902886399677,667.414582334439,678.998166944053,697.626501273706,697.34822808289,..
GDP per capita (current US$),NY.GDP.PCAP.CD,Samoa,WSM,1631.32464343264,1907.04840456803,2350.86287212903,2587.52400015871,2793.54311999082,3130.35259752319,3375.82163966041,3173.54224035921,3530.57399435316,4065.9559198279,4257.30572854147,4179.59768103648,4172.21710037661,3938.54884570316,..
GDP per capita (current US$),NY.GDP.PCAP.CD,San Marino,SMR,31268.4674125473,39375.2287992645,45597.515995166,47035.6543494594,49682.0936590572,56489.5013763457,62993.3672242481,..,..,..,..,..,..,..,..
GDP per capita (current US$),NY.GDP.PCAP.CD,Sao Tome and Principe,STP,562.826236986443,658.280139873987,703.662556707006,824.01215982958,858.587830979996,911.057012002955,1158.93080120022,1151.69196455042,1142.18231129529,1374.13192098877,1488.04800312555,1675.74756929312,1810.72156164921,..,..
GDP per capita (current US$),NY.GDP.PCAP.CD,Saudi Arabia,SAU,8317.90857478937,9186.31038843539,10756.0162185009,13273.6534986384,14826.9166983811,15947.4057864239,19436.8571597589,15655.0833675338,18753.9812332079,23256.0956126438,24883.1897146534,24646.0208730264,24406.4678217219,20481.7453220484,..
GDP per capita (current US$),NY.GDP.PCAP.CD,Senegal,SEN,513.391832823518,642.62599454528,732.318105590343,772.652445373662,808.288423856573,948.506759183885,1094.57647618577,1018.38955121693,998.119695502128,1081.13151800024,1019.27223025869,1051.37642128639,1067.131753327,910.788687979603,..
GDP per capita (current US$),NY.GDP.PCAP.CD,Serbia,SRB,2149.90940418511,2832.49065230846,3331.22876560602,3528.13100775792,4129.75874102829,5458.12171842169,6701.77391278013,5821.30539705684,5411.87740391911,6423.29178334583,5659.38020403691,6353.82638279332,6200.17322102474,5143.94992561858,..
GDP per capita (current US$),NY.GDP.PCAP.CD,Seychelles,SYC,8333.55135215272,8523.00502466624,10173.5748760331,11086.8908871587,12014.3998729502,12154.8299372808,11122.8620677142,9706.95605963959,10804.6844747547,12189.0951601357,12845.17363161,15695.8983393592,15563.7942183676,15476.01944443,..
GDP per capita (current US$),NY.GDP.PCAP.CD,Sierra Leone,SLE,280.181171383013,295.079775075248,293.854506621956,320.995366803008,359.533713835212,400.380937064879,453.736365506084,440.924459684123,453.022040727552,505.263716987032,637.652208819478,802.535625496596,792.583550409334,693.408045666733,..
GDP per capita (current US$),NY.GDP.PCAP.CD,Singapore,SGP,22016.8327916368,23573.6280388506,27405.2713554901,29869.8539805446,33579.8594757016,39223.5818748702,39721.0481819946,38577.5582156126,46569.6795060716,53093.6701495192,54451.210333388,55617.6125035777,56007.288209027,52888.7446717529,..
GDP per capita (current US$),NY.GDP.PCAP.CD,Sint Maarten (Dutch part),SXM,..,..,..,..,..,..,..,..,..,..,..,..,..,..,..
GDP per capita (current US$),NY.GDP.PCAP.CD,Slovak Republic,SVK,6524.86187815598,8696.91324191405,10654.7937072937,11631.3545704906,13100.3652701628,16014.5986924985,18604.3192257127,16460.221106911,16554.8787976196,18138.7234166753,17207.2784936729,18108.5217487811,18501.4296155336,15962.5722388828,..
GDP per capita (current US$),NY.GDP.PCAP.CD,Slovenia,SVN,11814.1020929149,14880.4689893241,17260.9023870701,18169.1797892301,19726.1257457623,23841.3238874423,27501.8175169953,24633.7960813766,23438.8471646302,24983.6937254464,22477.6038085909,23144.1167154096,24001.880133688,20713.0747463331,..
GDP per capita (current US$),NY.GDP.PCAP.CD,Solomon Islands,SLB,785.625558493349,745.457187325512,819.301229686325,881.964778515343,950.057695088818,1048.77148597216,1208.34419558516,1161.22880991606,1276.34851310464,1648.85412726975,1866.70724550977,1890.00090280273,2024.20286123362,1982.26968977846,..
GDP per capita (current US$),NY.GDP.PCAP.CD,Somalia,SOM,..,..,..,..,..,..,..,..,..,..,..,521.223039343867,542.615883955694,551.862668608739,..
GDP per capita (current US$),NY.GDP.PCAP.CD,South Africa,ZAF,2540.97122196625,3807.11574558683,4901.12131648889,5453.19281403646,5668.38677090783,6161.21795130613,5817.27839029952,5916.25435738104,7392.86875227427,8081.41717532479,7590.0284383506,6881.79474218603,6472.10102734624,5691.68676962801,..
GDP per capita (current US$),NY.GDP.PCAP.CD,South Sudan,SSD,..,..,..,..,..,..,1688.65404688853,1271.0317282658,1563.90419536662,1696.14566722172,944.282811578363,1157.48695804411,1115.09351496025,730.580100916022,..
GDP per capita (current US$),NY.GDP.PCAP.CD,Spain,ESP,17019.5354136605,21495.7074076474,24918.6458419994,26510.7174533426,28482.6094833461,32709.4010383771,35578.736189717,32333.4661042498,30737.8322708385,31832.2380807085,28647.8352426892,29370.6638674201,29718.5002155441,25831.5823052954,..
GDP per capita (current US$),NY.GDP.PCAP.CD,Sri Lanka,LKA,873.147243628672,989.45477321255,1074.66198269613,1259.8075907972,1448.76101048114,1644.81637232162,2054.48919158962,2106.787092279,2819.65130924227,3221.15151931614,3350.68542319869,3610.19517423536,3852.88076041162,3926.17439589454,..
GDP per capita (current US$),NY.GDP.PCAP.CD,St. Kitts and Nevis,KNA,10244.4999122437,9719.15151334394,10349.2253611616,11053.7447437466,12767.8951383034,13556.8949510295,14378.8842568127,13707.123311412,13226.952311419,13737.3227221712,13642.4955990473,14498.6348385917,15739.0467600682,16589.0889630003,..
GDP per capita (current US$),NY.GDP.PCAP.CD,St. Lucia,LCA,4656.46115500963,5007.7788469882,5449.32528457175,5723.34477380038,6410.20006088304,6896.08662886906,6915.41899395821,6774.12916581048,7043.50693641944,7195.66983286458,7248.23455220381,7319.52375292931,7647.52950287542,7764.3140012969,..
GDP per capita (current US$),NY.GDP.PCAP.CD,St. Martin (French part),MAF,..,..,..,..,..,..,..,..,..,..,..,..,..,..,..
GDP per capita (current US$),NY.GDP.PCAP.CD,St. Vincent and the Grenadines,VCT,4270.76693892228,4446.59446163775,4808.03875271604,5064.21821503339,5608.2041383213,5973.79227754564,6370.43788624423,6177.49742786583,6231.71322553846,6183.67682211986,6337.76995939727,6591.56644914052,6672.8105374028,6864.238392894,..
GDP per capita (current US$),NY.GDP.PCAP.CD,Sudan,SDN,402.225433096114,466.033872168394,550.746569107424,661.626277138413,868.322775022414,1081.15932057966,1248.35526906174,1183.20677488697,1421.53294242954,1596.44520955706,1662.28764084999,1726.0801560363,1875.84328741646,2089.40021206806,..
GDP per capita (current US$),NY.GDP.PCAP.CD,Suriname,SUR,2217.69780155423,2606.82772455838,3033.01888857266,3645.89499796859,5295.6236481658,5862.05097455834,6973.09823925926,7561.45070078079,8430.90596506227,8448.50426083464,9422.27099435231,9618.35053127583,9680.11591367368,8983.63387597313,..
GDP per capita (current US$),NY.GDP.PCAP.CD,Swaziland,SWZ,1131.24353285787,1704.15391337646,2211.08925687142,2339.30037406391,2636.32001592998,2690.92839206027,2617.36009432862,2679.6705995317,2956.69679468117,4093.38423704067,3988.66716715612,3648.07490006921,3477.14924558956,3154.7529806827,..
GDP per capita (current US$),NY.GDP.PCAP.CD,Sweden,SWE,29571.7044643283,36961.4253671424,42442.2204473133,43085.353145957,46256.4716010495,53324.3793724756,55746.8423811175,46207.0592032962,52076.4305245885,59593.6847982389,57134.0770682404,60283.24522267,58899.9797944845,50272.9415019928,..
GDP per capita (current US$),NY.GDP.PCAP.CD,Switzerland,CHE,41336.7219170303,47960.5649721577,53255.9763084633,54797.5466345741,57348.9278823975,63223.467775151,72119.5608730311,69672.0047147337,74277.1205125567,88002.6095703805,83208.68654235,84669.2929367996,85610.8420285261,80214.7301520483,..
GDP per capita (current US$),NY.GDP.PCAP.CD,Syrian Arab Republic,SYR,1269.72920825685,1261.42609007136,1419.59337922665,1591.53019241227,1779.82104926154,2079.98786380715,..,..,..,..,..,..,..,..,..
GDP per capita (current US$),NY.GDP.PCAP.CD,Tajikistan,TJK,190.604911236529,237.89319314008,311.424112807574,339.768076770367,407.252611650134,523.947651220881,711.503629870563,671.544008840534,744.189892165383,841.219870374428,962.439124853526,1048.66690599689,1113.36635446715,925.91188767081,..
GDP per capita (current US$),NY.GDP.PCAP.CD,Tanzania,TZA,310.207276508511,325.550773719717,348.052371292798,446.157893998536,475.908765113372,533.172396689392,657.728743357642,665.344002868127,708.521932325363,740.383900829825,827.52888076909,909.330141239446,954.618987954616,864.857502346707,..
GDP per capita (current US$),NY.GDP.PCAP.CD,Thailand,THA,2093.97920641937,2349.38452566541,2643.47893487535,2874.38627417759,3351.11763286401,3962.7504988544,4384.78267515745,4231.14036778126,5111.90920222917,5539.49436810396,5915.22114668686,6225.05228315387,5969.94011583791,5816.44068998475,..
GDP per capita (current US$),NY.GDP.PCAP.CD,Timor-Leste,TMP,496.17975117256,487.394976066002,484.088448984765,501.429226481591,464.835169248192,551.720598424389,673.374537904,780.261110851448,875.836569271265,1015.71592799663,1127.10821457355,1117.73125130819,1131.23085071824,1134.42642789183,..
GDP per capita (current US$),NY.GDP.PCAP.CD,Togo,TGO,286.758081572586,316.792068666893,356.830803515721,379.18092890047,384.288555620343,428.401561823965,522.625007010443,508.54052572385,496.482494202806,572.025703222528,573.207476512184,589.014053731293,629.9976439467,547.974683363941,..
GDP per capita (current US$),NY.GDP.PCAP.CD,Tonga,TON,1836.29040439251,2089.21704269256,2357.14647444959,2565.38579890357,2837.07547156741,2932.96275815712,3307.28239321081,3106.90237557772,3557.73718366504,4226.69274653294,4364.30924422214,4117.31098292096,4114.05211511279,..,..
GDP per capita (current US$),NY.GDP.PCAP.CD,Trinidad and Tobago,TTO,7049.61006145836,8804.5186659639,10290.5191436384,12323.1365595732,14095.9958152811,16530.1804420146,21188.118565877,14508.8137365799,15840.4426914159,18287.3907851354,18322.323800986,20217.0322820943,21317.449265568,20444.0785895112,..
GDP per capita (current US$),NY.GDP.PCAP.CD,Tunisia,TUN,2373.83647757576,2790.00436823287,3139.53720163156,3217.96864628265,3394.42897986889,3805.15293730174,4342.82317730308,4162.5096689683,4176.59159013024,4291.87604315683,4179.46434367471,4248.89127558615,4328.90419734881,3872.51208364171,..
GDP per capita (current US$),NY.GDP.PCAP.CD,Turkey,TUR,3570.54626341295,4586.81120315865,5855.53865983905,7117.23324132191,7727.27240453727,9309.50947782175,10382.3181608988,8623.94962718666,10111.5177049589,10538.4351203671,10539.3703371146,10800.3579763053,10303.8988002501,9130.02606479616,..
GDP per capita (current US$),NY.GDP.PCAP.CD,Turkmenistan,TKM,969.970033452985,1286.01426124964,1455.93604950756,1706.95672639245,2140.45547216715,2606.74197588003,3918.93492678718,4059.96151102083,4479.01235418457,5724.53710231112,6797.72116602834,7480.32167773692,8193.72029690445,6947.84002260404,..
GDP per capita (current US$),NY.GDP.PCAP.CD,Turks and Caicos Islands,TCA,..,..,..,..,..,..,..,..,..,..,..,..,..,..,..
GDP per capita (current US$),NY.GDP.PCAP.CD,Tuvalu,TUV,1621.33358266022,1901.03347628001,2232.60251748372,2252.89288563217,2353.35608772946,2768.37095732057,3094.62809172302,2763.16030537848,3238.37576273905,3993.50025430234,4044.19378022487,3880.19087861123,3826.90331140252,..,..
GDP per capita (current US$),NY.GDP.PCAP.CD,Uganda,UGA,243.674624856652,241.694801118865,292.843015035141,321.435761373761,342.837263983568,409.87032601315,459.109775900068,557.523595605241,608.813023856722,591.438623816353,656.398072749334,674.341641819883,714.567356471156,675.573466220693,..
GDP per capita (current US$),NY.GDP.PCAP.CD,Ukraine,UKR,879.475048622777,1048.52248790763,1367.35243333629,1828.71762576598,2303.01883093184,3068.60899799696,3891.03782318207,2545.4803410735,2973.99648071562,3569.75702740477,3855.4212801318,3986.28296611562,3065.16422265266,2114.95471628444,..
GDP per capita (current US$),NY.GDP.PCAP.CD,United Arab Emirates,ARE,32355.4095972427,34294.8939976005,37179.6818919642,40298.5242178562,42950.1005841305,42913.7840342254,45720.0178979792,32905.0538494054,34341.9112921486,39901.2209155518,41712.1242109135,42831.0891322689,43962.7136932011,40438.3763627115,..
GDP per capita (current US$),NY.GDP.PCAP.CD,United Kingdom,GBR,28301.2083322425,32575.0919626199,38305.8726859929,40047.905967007,42534.3062613449,48428.1574527987,45195.1569273881,37166.2759654944,38292.8711313583,41020.3769643089,41294.5148008666,42294.8901157814,46278.5202128829,43734.0001709187,..
GDP per capita (current US$),NY.GDP.PCAP.CD,United States,USA,38166.0378407812,39677.1983481058,41921.8097617892,44307.9205848603,46437.0671173065,48061.5376613353,48401.4273403899,47001.5553496818,48374.0867933094,49781.8006563523,51433.0470904727,52660.2951049798,54398.4600093994,55836.7926308733,..
GDP per capita (current US$),NY.GDP.PCAP.CD,Uruguay,URY,4088.77254119908,3622.05228427976,4117.30885333007,5220.95739601735,5877.87960762231,7009.67815952936,9062.29053512906,9415.15358319032,11938.2750549849,14166.5576669096,15092.4720586676,16881.38400062,16737.973101175,15573.9009189374,..
GDP per capita (current US$),NY.GDP.PCAP.CD,Uzbekistan,UZB,383.349499748749,396.129968981304,465.119886944025,546.776850185552,642.960414644088,830.407694204322,1023.11964110698,1181.84735960066,1377.08214046938,1544.82777273524,1719.03619624155,1877.9645118434,2052.58678135925,2132.07244181734,..
GDP per capita (current US$),NY.GDP.PCAP.CD,Vanuatu,VUT,1353.9278386398,1580.51066802466,1787.9382648014,1886.38830966499,2047.08828520065,2393.3346212201,2698.02124012432,2643.47578534313,2965.75223011673,3275.02398203673,3158.4209735273,3167.05530330465,3147.96485986836,..,..
GDP per capita (current US$),NY.GDP.PCAP.CD,"Venezuela, RB",VEN,3657.19374768603,3233.9561063252,4273.36537157056,5435.87225994853,6740.23677858669,8325.21658255278,11224.6467026883,11534.8406001136,13581.3533771018,10754.5928790654,12771.5950361107,12265.03113567,..,..,..
GDP per capita (current US$),NY.GDP.PCAP.CD,Vietnam,VNM,477.105876263106,530.861849364997,606.904378261988,699.499778976363,796.671573774518,919.209265568078,1164.61252461712,1232.36967118834,1333.58352635481,1542.67043610149,1754.5479738641,1907.56438167972,2052.31908380089,2111.13802366815,..
GDP per capita (current US$),NY.GDP.PCAP.CD,Virgin Islands (U.S.),VIR,..,..,..,..,..,..,..,..,..,..,..,..,..,..,..
GDP per capita (current US$),NY.GDP.PCAP.CD,West Bank and Gaza,WBG,1156.21747345769,1257.69857009689,1337.56572430673,1455.18787518115,1441.46170046742,1575.56340027289,1855.45702045882,1963.20151865719,2338.71987682303,2663.53702496611,2787.16973802917,2992.20099455427,2960.77800405245,2866.80010121789,..
GDP per capita (current US$),NY.GDP.PCAP.CD,"Yemen, Rep.",YEM,567.821963311624,607.915804267557,696.054960696925,817.082416653512,904.605600055261,1181.2151760728,1361.7172085227,1239.83711886653,1310.05383929542,1282.39883187217,1289.03407763668,1408.14619260488,..,..,..
GDP per capita (current US$),NY.GDP.PCAP.CD,Zambia,ZMB,376.468039539246,429.007277894455,530.553584072736,691.80945858671,1030.31535972563,1103.48657711875,1365.72120522548,1134.77299782945,1456.12652618031,1635.54730435222,1724.74356387435,1839.52248112115,1725.97454864009,1307.78861109883,..
GDP per capita (current US$),NY.GDP.PCAP.CD,Zimbabwe,ZWE,499.716414957462,448.373192699451,451.171588554028,443.240135984532,414.680115131526,397.956872258099,327.199083662345,594.495968478092,674.268695411166,768.556409302399,850.827696604891,905.500321786172,931.19818468692,890.416087751634,..
